{"stats":{"minecraft:used":{"minecraft:white_terracotta":1,"minecraft:dead_bush":1},"minecraft:custom":{"minecraft:sprint_one_cm":2677,"minecraft:time_since_rest":5221,"minecraft:walk_one_cm":2253,"minecraft:total_world_time":6011,"minecraft:leave_game":2,"minecraft:fly_one_cm":62240,"minecraft:crouch_one_cm":312,"minecraft:sneak_time":249,"minecraft:play_time":5221,"minecraft:jump":13,"minecraft:time_since_death":5221,"minecraft:drop":2},"minecraft:dropped":{"minecraft:dead_bush":1,"minecraft:white_terracotta":1}},"DataVersion":4440}