{"stats":{"minecraft:picked_up":{"minecraft:wooden_shovel":1,"minecraft:oak_slab":1,"minecraft:cactus":8},"minecraft:dropped":{"minecraft:wooden_shovel":1,"minecraft:oak_slab":1},"minecraft:used":{"minecraft:sand":3,"minecraft:spruce_fence":135,"minecraft:white_terracotta":1,"minecraft:spruce_planks":138,"minecraft:cactus":4,"minecraft:spruce_stairs":26,"minecraft:oak_slab":6,"minecraft:campfire":50,"minecraft:oak_boat":4,"minecraft:white_wool":52,"minecraft:wooden_shovel":39,"minecraft:red_sand":5,"minecraft:spruce_slab":52,"minecraft:smooth_sandstone":1,"minecraft:chest":6,"minecraft:red_sandstone":5,"minecraft:oak_planks":23,"minecraft:lantern":7,"minecraft:stripped_dark_oak_log":69,"minecraft:orange_wool":72,"minecraft:torch":6,"minecraft:barrel":16,"minecraft:gold_block":18},"minecraft:custom":{"minecraft:time_since_rest":55149,"minecraft:walk_one_cm":42900,"minecraft:walk_under_water_one_cm":21936,"minecraft:boat_one_cm":7295,"minecraft:play_time":55149,"minecraft:jump":261,"minecraft:time_since_death":55149,"minecraft:drop":2,"minecraft:open_barrel":8,"minecraft:sprint_one_cm":37112,"minecraft:open_chest":4,"minecraft:swim_one_cm":5103,"minecraft:total_world_time":68271,"minecraft:fly_one_cm":717405,"minecraft:walk_on_water_one_cm":31864,"minecraft:crouch_one_cm":1684,"minecraft:sneak_time":5006,"minecraft:climb_one_cm":1330}},"DataVersion":4440}